{
  "version": "1.0",
  "defaultProvider": "cdnjs",
  "libraries": [
    {
      "library": "twitter-bootstrap@5.1.3",
      "destination": "wwwroot/lib/twitter-bootstrap/"
    },
    {
      "library": "jquery@3.6.0",
      "destination": "wwwroot/jquery/"
    },
    {
      "library": "jquery-validate@1.19.3",
      "destination": "wwwroot/jquery-validate/"
    },
    {
      "library": "jquery-validation-unobtrusive@3.2.12",
      "destination": "wwwroot/jquery-validation-unobtrusive/"
    }
  ]
}